id,first_name,last_name,email,gender,country,dob
1,Kimberley,Fredy,kfredy0@histats.com,Female,China,1966/03/25
2,Pavlov,Ratter,pratter1@aol.com,Male,Greece,1935/02/06
3,Shalom,Neely,sneely2@instagram.com,Male,Indonesia,1955/05/05
4,Allix,Ratledge,aratledge3@intel.com,Female,Indonesia,1941/07/07
5,Fancie,Bettam,fbettam4@usgs.gov,Female,Argentina,1980/11/23
6,Obadiah,Meco,omeco5@google.ca,Male,Malaysia,1981/04/19
7,Temp,Cane,tcane6@accuweather.com,Male,Brazil,1971/01/01
8,Dorry,Swadon,dswadon7@twitter.com,Female,Mexico,1995/11/30
9,Marten,Longlands,mlonglands8@telegraph.co.uk,Male,Philippines,1951/06/07
10,Rhys,Pearne,rpearne9@google.fr,Male,Poland,2004/03/28
11,Bibby,Mustarde,bmustardea@eventbrite.com,Female,Indonesia,1936/01/03
12,Sharron,De Ruggiero,sderuggierob@skyrock.com,Female,Ethiopia,1990/06/06
13,Junia,Malek,jmalekc@google.nl,Female,Finland,1922/11/10
14,Winonah,Harvison,wharvisond@sbwire.com,Female,Portugal,1984/06/09
15,Cornie,Di Biagi,cdibiagie@bing.com,Female,Ukraine,1968/12/24
16,Tuck,Bollis,tbollisf@cocolog-nifty.com,Male,China,1930/06/18
17,Ann-marie,Dispencer,adispencerg@nationalgeographic.com,Female,Norway,1974/07/10
18,Nataline,Starbeck,nstarbeckh@columbia.edu,Female,Poland,1945/02/06
19,Alis,Somerbell,asomerbelli@amazon.com,Female,Sweden,1939/01/25
20,Amii,Simakov,asimakovj@mapy.cz,Female,Hungary,1934/10/05
21,Hestia,Leindecker,hleindeckerk@businessinsider.com,Female,Indonesia,1972/02/20
22,Alick,Dain,adainl@amazon.co.uk,Male,China,1971/09/23
23,Antonella,Gauntlett,agauntlettm@diigo.com,Female,Philippines,1952/10/15
24,Solomon,Smithson,ssmithsonn@squidoo.com,Male,Iceland,1997/05/28
25,Orv,Lomond,olomondo@blogspot.com,Male,Brazil,1977/03/04
26,Missie,Shearn,mshearnp@wikimedia.org,Female,Malaysia,1953/03/27
27,Charlot,Everal,ceveralq@angelfire.com,Female,Sri Lanka,1988/11/04
28,Katerina,Chaddock,kchaddockr@tamu.edu,Female,Georgia,1979/02/18
29,Talbert,Bellanger,tbellangers@zimbio.com,Male,Philippines,1944/05/20
30,Bendite,Hodjetts,bhodjettst@github.io,Female,Russia,1944/03/28
31,Thurstan,McKenna,tmckennau@booking.com,Male,Afghanistan,1959/10/18
32,Roby,Vaadeland,rvaadelandv@oaic.gov.au,Female,Turkmenistan,1989/02/17
33,Issy,Ing,iingw@dot.gov,Female,Palestinian Territory,1985/09/06
34,Caz,Pletts,cplettsx@gnu.org,Male,Finland,1955/07/19
35,Rriocard,Guerreru,rguerreruy@rediff.com,Male,Russia,2006/02/25
36,Mavra,Cheake,mcheakez@vk.com,Female,France,1977/07/09
37,Paten,Rosenfelder,prosenfelder10@i2i.jp,Male,Japan,1976/06/12
38,Helga,Burgon,hburgon11@amazon.de,Female,Portugal,1943/09/26
39,Phyllys,Wilde,pwilde12@mtv.com,Female,Brazil,1926/12/05
40,Desiree,Livard,dlivard13@usda.gov,Female,Indonesia,2004/02/13
41,Gayelord,Rushworth,grushworth14@wikia.com,Male,Peru,1994/12/13
42,Weber,Duchan,wduchan15@squarespace.com,Male,China,1927/03/13
43,Ikey,Earingey,iearingey16@xing.com,Male,Brazil,1999/02/25
44,Garold,Canter,gcanter17@nih.gov,Male,Belarus,1998/08/08
45,Farrell,Alfwy,falfwy18@cdc.gov,Male,France,1935/05/19
46,Elmore,Christal,echristal19@barnesandnoble.com,Male,Greece,1995/11/01
47,Merle,Levine,mlevine1a@dailymail.co.uk,Male,New Caledonia,1972/06/08
48,Bernie,Morat,bmorat1b@google.com.hk,Male,Indonesia,1932/07/10
49,Elbert,Form,eform1c@slate.com,Male,Sweden,1929/05/31
50,Blair,Heeps,bheeps1d@shop-pro.jp,Female,Philippines,1959/04/14
51,Stepha,Sicha,ssicha1e@facebook.com,Female,Indonesia,1943/01/19
52,Rafaellle,Toffts,rtoffts1f@howstuffworks.com,Male,Oman,1947/10/23
53,Vidovik,Janout,vjanout1g@upenn.edu,Male,Brazil,1966/09/01
54,Dimitri,Pitblado,dpitblado1h@irs.gov,Male,Japan,2000/10/22
55,Ronda,Verlinden,rverlinden1i@friendfeed.com,Female,Panama,1948/12/09
56,Randal,Leadley,rleadley1j@digg.com,Male,Brazil,1956/01/20
57,Sharia,Etchell,setchell1k@imgur.com,Female,Argentina,1968/11/14
58,Karyl,Gunston,kgunston1l@yahoo.com,Female,Cameroon,1991/12/16
59,Alejandro,Smurthwaite,asmurthwaite1m@ovh.net,Male,Russia,1952/10/28
60,Courtenay,Mapstone,cmapstone1n@alibaba.com,Female,Brazil,1957/03/17
61,Andris,McTrusty,amctrusty1o@diigo.com,Male,Tanzania,1938/01/03
62,Tiebold,Brassington,tbrassington1p@live.com,Male,Rwanda,1964/07/17
63,Bat,Lepick,blepick1q@springer.com,Male,Indonesia,1992/07/06
64,Leese,Minithorpe,lminithorpe1r@walmart.com,Female,Sweden,1942/06/17
65,Tamar,Daniello,tdaniello1s@a8.net,Female,Curacao,1993/10/06
66,Bron,Povey,bpovey1t@artisteer.com,Male,Poland,1927/01/02
67,Lotty,Hearnes,lhearnes1u@dion.ne.jp,Female,Cuba,1983/04/18
68,Mikol,Myderscough,mmyderscough1v@rakuten.co.jp,Male,Indonesia,2004/05/03
69,Lalo,Normanell,lnormanell1w@gmpg.org,Male,Macedonia,1935/05/21
70,Zacharia,Rodriguez,zrodriguez1x@angelfire.com,Male,Russia,1963/06/01
71,Blake,Simonyi,bsimonyi1y@mtv.com,Male,China,1981/12/27
72,Ernaline,Pinnell,epinnell1z@yelp.com,Female,China,1934/11/01
73,Oona,Dallewater,odallewater20@census.gov,Female,Portugal,1951/07/31
74,Lauretta,Garfirth,lgarfirth21@youtu.be,Female,China,1940/05/20
75,Nichols,Cassin,ncassin22@washingtonpost.com,Male,China,1926/07/30
76,Jaquelyn,Littrell,jlittrell23@ftc.gov,Female,China,1965/06/05
77,Robina,Rollitt,rrollitt24@typepad.com,Female,Macedonia,1952/09/13
78,Cordy,Zellick,czellick25@goo.gl,Male,Philippines,1952/04/18
79,Ancell,Alfwy,aalfwy26@mayoclinic.com,Male,Argentina,1931/10/11
80,Malvina,Skones,mskones27@intel.com,Female,Sweden,1940/10/04
81,Wilburt,Balharrie,wbalharrie28@google.fr,Male,Indonesia,1928/05/07
82,Wes,Sagg,wsagg29@wordpress.com,Male,Nigeria,1944/02/03
83,Codi,Lathwell,clathwell2a@themeforest.net,Male,France,1973/07/08
84,Arleyne,Elderidge,aelderidge2b@tamu.edu,Female,Micronesia,2006/01/04
85,Mile,Ladbury,mladbury2c@mapy.cz,Male,China,1934/07/31
86,Tallia,Pretorius,tpretorius2d@ezinearticles.com,Female,China,1953/06/03
87,Hilarius,Stoker,hstoker2e@nydailynews.com,Male,France,1965/01/27
88,Berkeley,Aubray,baubray2f@webeden.co.uk,Male,United States,1944/11/02
89,Darsey,Bemrose,dbemrose2g@diigo.com,Female,Colombia,1976/03/18
90,Wash,Baiyle,wbaiyle2h@techcrunch.com,Male,Slovenia,1938/11/08
91,Deane,Leifer,dleifer2i@census.gov,Female,Sweden,2004/12/05
92,Shae,Sisnett,ssisnett2j@artisteer.com,Female,Poland,1988/11/07
93,Kylen,Redington,kredington2k@macromedia.com,Female,Macedonia,1992/08/04
94,Theodoric,Tilio,ttilio2l@woothemes.com,Male,Sweden,1949/12/20
95,Stavros,Kleiser,skleiser2m@columbia.edu,Male,China,1956/01/12
96,Malinda,Haughian,mhaughian2n@desdev.cn,Female,Philippines,1985/10/25
97,Anderson,Kulic,akulic2o@tmall.com,Male,Democratic Republic of the Congo,1982/08/15
98,Blinny,Coleford,bcoleford2p@moonfruit.com,Female,Brazil,1949/03/15
99,Alice,Lyfe,alyfe2q@blogtalkradio.com,Female,China,1936/11/28
100,Kimberly,Bartlomieczak,kbartlomieczak2r@adobe.com,Female,Czech Republic,1979/10/16
101,Margarethe,Waleworke,mwaleworke2s@jigsy.com,Female,Philippines,1923/07/10
102,Menard,Cases,mcases2t@soup.io,Male,Philippines,1957/05/18
103,Fredrika,Sabbatier,fsabbatier2u@uiuc.edu,Female,Colombia,1971/04/03
104,Ezri,Barnett,ebarnett2v@cmu.edu,Male,Indonesia,1963/07/12
105,Dorie,Olive,dolive2w@sphinn.com,Male,Philippines,1965/02/20
106,Josey,Randell,jrandell2x@census.gov,Female,Kazakhstan,1953/01/24
107,Jaquenetta,Housby,jhousby2y@wired.com,Female,Indonesia,1945/09/24
108,Hamlen,Please,hplease2z@1und1.de,Male,Colombia,1949/07/04
109,Suzette,Stopford,sstopford30@creativecommons.org,Female,Mexico,2002/07/29
110,Freddie,Warlton,fwarlton31@microsoft.com,Female,Peru,1936/01/18
111,Merla,Szimon,mszimon32@purevolume.com,Female,Indonesia,1951/11/30
112,Jozef,Bern,jbern33@storify.com,Male,Vietnam,1975/05/22
113,Jere,Lorentzen,jlorentzen34@nymag.com,Male,Philippines,1967/07/06
114,Adolphus,Faragher,afaragher35@miitbeian.gov.cn,Male,Peru,1971/01/07
115,Lilllie,Sinott,lsinott36@europa.eu,Female,Armenia,1966/03/13
116,Tim,Beddows,tbeddows37@myspace.com,Female,China,1999/02/08
117,Bran,Scouler,bscouler38@ovh.net,Male,Indonesia,1929/06/14
118,Carena,Quogan,cquogan39@ocn.ne.jp,Female,Indonesia,2006/01/09
119,Shelly,Joly,sjoly3a@bloglines.com,Female,Philippines,1996/12/01
120,Yolanda,Harte,yharte3b@vinaora.com,Female,Samoa,1941/04/20
121,Melloney,Whellans,mwhellans3c@simplemachines.org,Female,Czech Republic,1973/07/10
122,Nikita,Truelove,ntruelove3d@w3.org,Male,Czech Republic,2001/08/18
123,Denice,Samsin,dsamsin3e@comsenz.com,Female,Burkina Faso,1953/07/20
124,Fernandina,Strathearn,fstrathearn3f@prlog.org,Female,Japan,1986/10/21
125,Sandi,McInerney,smcinerney3g@google.com.au,Female,France,1972/03/08
126,Timofei,Tute,ttute3h@sfgate.com,Male,Nigeria,1987/07/19
127,Thomas,Greaves,tgreaves3i@boston.com,Male,Indonesia,1923/04/20
128,Rowan,Tomasian,rtomasian3j@facebook.com,Male,China,2002/03/21
129,Dario,Ebi,debi3k@marriott.com,Male,China,1931/01/09
130,Anderea,Barbisch,abarbisch3l@sakura.ne.jp,Female,Mexico,2004/04/01
131,Gerianne,Brodbin,gbrodbin3m@cmu.edu,Female,Russia,1984/06/03
132,Pearla,Westlake,pwestlake3n@studiopress.com,Female,Portugal,2005/12/04
133,Damien,Cansdale,dcansdale3o@samsung.com,Male,Syria,2002/12/11
134,Sigfrid,Mazzei,smazzei3p@disqus.com,Male,China,1993/05/15
135,Jilleen,Tyhurst,jtyhurst3q@dell.com,Female,China,1963/05/13
136,Reilly,Measures,rmeasures3r@altervista.org,Male,China,1951/01/14
137,Gabbie,Limer,glimer3s@shutterfly.com,Female,France,1974/08/21
138,Ted,Vanyard,tvanyard3t@godaddy.com,Male,Russia,1967/09/28
139,Cyrille,Stroder,cstroder3u@sun.com,Male,Bulgaria,1949/09/13
140,Allard,Fossey,afossey3v@vimeo.com,Male,Brazil,1974/07/23
141,Galina,McHenry,gmchenry3w@blogger.com,Female,China,1989/04/06
142,Barnett,Argyle,bargyle3x@angelfire.com,Male,Poland,1959/01/12
143,Magdalen,Spellissy,mspellissy3y@instagram.com,Female,Russia,1967/10/17
144,Donavon,Cudiff,dcudiff3z@spotify.com,Male,Sweden,1956/10/21
145,Bianca,Dinsale,bdinsale40@istockphoto.com,Female,China,1924/07/26
146,Jandy,Asser,jasser41@huffingtonpost.com,Female,Portugal,1953/10/25
147,Saw,Klimshuk,sklimshuk42@purevolume.com,Male,Japan,1931/03/17
148,Kit,Couves,kcouves43@epa.gov,Female,Indonesia,1952/09/08
149,Skippy,Crush,scrush44@ox.ac.uk,Male,China,1952/10/10
150,Meryl,Dewis,mdewis45@about.com,Female,Poland,1999/10/19
151,Goldie,Terran,gterran46@youku.com,Female,Ukraine,1932/10/11
152,Alfred,McGhee,amcghee47@google.de,Male,Zimbabwe,1937/06/22
153,Mord,Amner,mamner48@ameblo.jp,Male,Russia,1973/11/09
154,Britni,Dufour,bdufour49@wikispaces.com,Female,China,1948/12/23
155,Rufe,De Simoni,rdesimoni4a@sciencedirect.com,Male,China,1930/12/16
156,Franny,Clitherow,fclitherow4b@cam.ac.uk,Male,Philippines,1989/05/07
157,Mandy,Jeavon,mjeavon4c@home.pl,Female,China,1946/03/16
158,Remus,Collete,rcollete4d@reference.com,Male,United States,1966/07/22
159,Harry,Dri,hdri4e@ocn.ne.jp,Male,Pakistan,1981/11/03
160,Giordano,Kirkup,gkirkup4f@angelfire.com,Male,United States,2004/02/24
161,Ian,Fawdrey,ifawdrey4g@deviantart.com,Male,Jamaica,2006/10/14
162,Skell,Cornau,scornau4h@chronoengine.com,Male,Greece,1937/11/18
163,Rochester,Weatherhogg,rweatherhogg4i@usnews.com,Male,South Korea,1971/07/16
164,Frankie,Utterson,futterson4j@phpbb.com,Female,Philippines,1974/11/10
165,Ariel,Rake,arake4k@jiathis.com,Male,Norway,1957/10/22
166,Cristin,Bouch,cbouch4l@nsw.gov.au,Female,Senegal,1929/02/24
167,Nicolea,Spacey,nspacey4m@pcworld.com,Female,Russia,1975/05/16
168,Barthel,Gimson,bgimson4n@ft.com,Male,Serbia,1960/08/22
169,Rozalie,Landeg,rlandeg4o@economist.com,Female,Finland,1969/02/17
170,Salim,Beckwith,sbeckwith4p@hp.com,Male,United States,2000/03/16
171,Myrtice,Joannidi,mjoannidi4q@fema.gov,Female,China,1931/09/17
172,Austina,Corcut,acorcut4r@washingtonpost.com,Female,Indonesia,1999/08/30
173,Beatriz,Howgate,bhowgate4s@ezinearticles.com,Female,Brazil,1993/03/27
174,Alejoa,Asken,aasken4t@youku.com,Male,Poland,1975/06/18
175,Karen,Ramsay,kramsay4u@msu.edu,Female,China,1927/06/29
176,Finlay,MacSkeagan,fmacskeagan4v@addthis.com,Male,Armenia,1936/05/17
177,Burl,McDuffy,bmcduffy4w@simplemachines.org,Male,Russia,1988/09/06
178,Horace,Checkley,hcheckley4x@ted.com,Male,Indonesia,1997/10/28
179,Kial,Gieves,kgieves4y@marriott.com,Female,Bulgaria,1974/06/18
180,Benjamin,Eake,beake4z@telegraph.co.uk,Male,Philippines,1946/07/26
181,Lynnell,Matuszewski,lmatuszewski50@independent.co.uk,Female,Nigeria,1962/02/23
182,Jacobo,Flatman,jflatman51@whitehouse.gov,Male,Japan,1949/03/05
183,Titos,Eustace,teustace52@telegraph.co.uk,Male,Poland,1999/09/29
184,Enoch,Tink,etink53@google.it,Male,Czech Republic,1941/09/27
185,Finn,Sarchwell,fsarchwell54@apple.com,Male,France,1926/07/20
186,Elvyn,Jansen,ejansen55@accuweather.com,Male,China,1931/11/20
187,Angelle,Skidmore,askidmore56@sciencedirect.com,Female,Brazil,1926/01/24
188,Deanne,Littleproud,dlittleproud57@shutterfly.com,Female,Brazil,2003/11/11
189,Dina,Aherne,daherne58@mapy.cz,Female,China,1933/02/10
190,Ebony,Behnke,ebehnke59@oakley.com,Female,Indonesia,1991/02/20
191,Dalton,Jacquemot,djacquemot5a@dion.ne.jp,Male,China,1930/07/28
192,Pamela,Snalom,psnalom5b@cyberchimps.com,Female,China,1945/09/01
193,Gerrie,Povey,gpovey5c@weibo.com,Male,China,1956/01/31
194,Celeste,Bickerdicke,cbickerdicke5d@marketwatch.com,Female,China,1964/03/29
195,Fritz,Sodeau,fsodeau5e@ox.ac.uk,Male,Vietnam,1985/03/16
196,Johnathan,Swindells,jswindells5f@apple.com,Male,Russia,1946/11/07
197,Krissy,Sutliff,ksutliff5g@blogs.com,Female,Niger,1946/05/29
198,Sidnee,Clemetts,sclemetts5h@arizona.edu,Male,New Caledonia,1986/10/17
199,Susie,Bunn,sbunn5i@cyberchimps.com,Female,China,1981/10/18
200,Jojo,Clutheram,jclutheram5j@eventbrite.com,Female,China,1991/01/15
201,Robinetta,Brookton,rbrookton5k@google.com,Female,Russia,1989/05/16
202,Irv,Treharne,itreharne5l@parallels.com,Male,Greece,1996/02/23
203,Sayer,MacAlaster,smacalaster5m@ebay.co.uk,Male,New Zealand,1938/05/24
204,Nelson,Hankard,nhankard5n@un.org,Male,China,1939/11/18
205,Kerwin,Hould,khould5o@squidoo.com,Male,Portugal,1932/02/06
206,Lonna,Grundell,lgrundell5p@tripod.com,Female,Mexico,1971/12/12
207,Slade,Davydoch,sdavydoch5q@noaa.gov,Male,Poland,1967/08/08
208,Nessie,Davern,ndavern5r@comsenz.com,Female,Croatia,1995/03/15
209,Betteanne,Chasson,bchasson5s@reddit.com,Female,Canada,1953/01/12
210,Delly,Fanshaw,dfanshaw5t@freewebs.com,Female,Ireland,1971/06/07
211,Olimpia,Ghost,oghost5u@craigslist.org,Female,Peru,1940/06/07
212,Oliver,Hurley,ohurley5v@ycombinator.com,Male,Saint Kitts and Nevis,1975/03/18
213,Maurita,Crinion,mcrinion5w@globo.com,Female,Syria,1926/08/20
214,Erminie,Titheridge,etitheridge5x@nih.gov,Female,China,1990/08/08
215,Leanor,Townby,ltownby5y@list-manage.com,Female,Vietnam,1946/10/03
216,Udall,Bestwall,ubestwall5z@mozilla.org,Male,Sweden,1993/06/25
217,Isaak,Dillway,idillway60@ovh.net,Male,Serbia,1945/01/01
218,Alberik,McTrustrie,amctrustrie61@seesaa.net,Male,China,1923/04/02
219,Bronny,Hasney,bhasney62@google.co.uk,Male,Sweden,1956/05/03
220,Kayle,Fidal,kfidal63@feedburner.com,Female,China,1953/08/21
221,Serene,Gummoe,sgummoe64@about.com,Female,Poland,1999/03/08
222,Darrick,Fennelow,dfennelow65@gmpg.org,Male,Poland,1990/06/08
223,Fredelia,Blinco,fblinco66@dot.gov,Female,Argentina,1976/10/22
224,Lydon,Luparti,lluparti67@w3.org,Male,Argentina,1944/07/31
225,Anastasie,Hebblethwaite,ahebblethwaite68@behance.net,Female,Finland,1996/11/24
226,Armin,Lemon,alemon69@cdc.gov,Male,Indonesia,2002/11/01
227,Orelie,Tatlow,otatlow6a@ed.gov,Female,Thailand,1984/03/29
228,Freeman,Kilfoyle,fkilfoyle6b@woothemes.com,Male,Indonesia,2002/11/10
229,Antonella,Fettes,afettes6c@linkedin.com,Female,Indonesia,1980/07/11
230,Bernadine,Sinclaire,bsinclaire6d@twitpic.com,Female,Mexico,1951/01/17
231,Elsbeth,Andress,eandress6e@oakley.com,Female,Portugal,1976/04/21
232,Sheree,Hanshawe,shanshawe6f@tmall.com,Female,Russia,1991/05/24
233,Marve,Surmeyers,msurmeyers6g@ow.ly,Male,China,1941/09/14
234,Stormy,Rolph,srolph6h@wordpress.org,Female,Brazil,1922/05/10
235,Redford,Brissard,rbrissard6i@gov.uk,Male,Malawi,1977/05/14
236,Jone,Rockwill,jrockwill6j@opera.com,Male,United States,1959/11/04
237,Debee,Trenbay,dtrenbay6k@creativecommons.org,Female,Philippines,1957/04/05
238,Iggie,Mirfield,imirfield6l@columbia.edu,Male,China,1940/05/13
239,Talbert,Gahagan,tgahagan6m@state.gov,Male,Indonesia,1927/11/09
240,Beverlee,Berrisford,bberrisford6n@gravatar.com,Female,China,1957/01/06
241,Joshua,Liddiatt,jliddiatt6o@domainmarket.com,Male,China,1955/01/15
242,Kriste,Fealty,kfealty6p@npr.org,Female,Finland,1970/11/13
243,Adara,Burnitt,aburnitt6q@example.com,Female,Vietnam,2005/09/27
244,Pamela,Tolomelli,ptolomelli6r@oakley.com,Female,Russia,1979/08/07
245,Kevan,Tatlow,ktatlow6s@ask.com,Male,Indonesia,1995/08/05
246,Hercules,Dowell,hdowell6t@amazon.com,Male,Greece,1954/04/08
247,Haleigh,Rosenwasser,hrosenwasser6u@answers.com,Male,China,1938/07/18
248,Frannie,Pavlov,fpavlov6v@pinterest.com,Female,Portugal,2001/07/11
249,Heddi,Espasa,hespasa6w@jugem.jp,Female,Burkina Faso,1974/04/12
250,Madison,Palluschek,mpalluschek6x@godaddy.com,Male,Brazil,1984/01/09
